{
  "MAE": 0.08875501822959837,
  "MSE": 0.010616730050498869,
  "RMSE": 0.10303751768408859,
  "MAPE": 8.81029614835443,
  "Total_Predictions": 89,
  "Average_Actual_Price": 0.984666766980104,
  "Average_Predicted_Price": 0.8974761366844177
}