Model_Order,AIC,Test_MSE,Test_MAE,Test_RMSE,Train_Size,Test_Size
"(2, 0, 2)",1285.9712210260786,539.6219519731995,19.568272091623793,23.229764354663597,144,36
